id,name,value
1,alpha,0.5861266775366847
2,beta,0.6409179619400556
3,gamma,0.7808074904563682