id,name,value
1,alpha,0.5417544275427455
2,beta,0.10386944330287684
3,gamma,0.15710207450459612