id,name,value
1,alpha,0.43490992815820984
2,beta,0.16501620451212884
3,gamma,0.7651118667394952