id,name,value
1,alpha,0.8559674031640334
2,beta,0.054946635872403116
3,gamma,0.36224896160347053