id,name,value
1,alpha,0.8514341713667277
2,beta,0.8919216412840603
3,gamma,0.19690144797517872